<?xml version="1.0" encoding="ISO-8859-15"?>
<uc-export clientvers="11.2.0+build.7957">
<DOCU name="PCK.AUTOMIC_WINDOWS_REGISTRY.PUB.DOC">
<HEADER state="1">
<Title/>
<ArchiveKey1/>
<ArchiveKey2/>
<OH_SubType/>
</HEADER>
<DOCU_Docu state="1" type="text">
<DOC><![CDATA[Contains actions to manipulate the Windows Registry.

=Supported versions=

See http://docs.automic.com/compatibility?len=Package.Windows.Registry&comp=PCK.AUTOMIC_WINDOWS_REGISTRY&version=1.2.1
]]></DOC>
</DOCU_Docu>
</DOCU>
</uc-export>